Word,Overall_mean_rating,Rationale,Instruction_version
luck,2.8333333333333335,Does not really have any social value,1
luck,2.8333333333333335,because it is linked to people and their beliefs,1
luck,2.8333333333333335,Luck is not a social construct,1
luck,2.8333333333333335,Luck is a socialness word,1
luck,2.8333333333333335,"Random chance, no interaction needed BUT can be part of a social game",1
luck,2.8333333333333335,can apply to objects (ie. lucky stone) or people (some athletes say bringing their family to their events is lucky),1
luck,2.8333333333333335,It is not social. May not even exist,2
luck,2.8333333333333335,Has nothing to do with socialness,2
luck,2.8333333333333335,some people have luck some do not,2
luck,2.8333333333333335,Doesn't rely on other people/situations,2
pollute,4,Triggered by humans,1
pollute,4,It's a common thing the society engages in,1
pollute,4,Does not indicate a social interaction.,1
pollute,4,It's often used to describe peoples behaviour but the word wasn't originally intended to,2
pollute,4,"Although people pollute, it is not a social activity",2
honey,2.6666666666666665,Food,1
honey,2.6666666666666665,"it's primarily something to eat, but it can be used metaphorically as well
",1
honey,2.6666666666666665,Refers to an object not necessarily found in social encounters,1
honey,2.6666666666666665,"A substance that can be eaten or used in other various ways. It also can be used as a nickname for someone we really like, that is often utilized in the English language.",2
honey,2.6666666666666665,use as a pet name?,2
honey,2.6666666666666665,There is nothing social about this word.,2
blueberry,1.4285714285714286,"Blueberries are pieces of fruit and while they can be involved in social situations (e.g. eating, baking, picking, walking near blueberry plants) I wouldn't consider the blueberry itself to be what leads to these social situations",1
blueberry,1.4285714285714286,inanimate,1
blueberry,1.4285714285714286,Colourful happy fruit,2
blueberry,1.4285714285714286,It's just a tasty fruit,2
blueberry,1.4285714285714286,"This is for a more personal reason, but my friends and I love getting blueberries and having picnics so blueberries always remind me of time spent with friends",2
blueberry,1.4285714285714286,"It is a noun to describe a fruit, I can't think of any social implications of the term.",2
blueberry,1.4285714285714286,"its a fruit, not very social",2
umbrella,2.111111111111111,I chose a high rating because the word refers to an object.,1
umbrella,2.111111111111111,It is an object so doesn't have high socialness,1
umbrella,2.111111111111111,People may share the umbrella on rainy days which promotes social interactions.,1
umbrella,2.111111111111111,"Getting wet requires you to go outside, where people are",2
umbrella,2.111111111111111,"As far as I'm aware, it has nothing to do with people",2
umbrella,2.111111111111111,"I feel like many people don't mind the rain when it's just them, but always have umbrellas when there are many people around",2
umbrella,2.111111111111111,No relation,2
frostbite,2,because it's a cause of some environmental conditions,1
frostbite,2,"Because it affects people and their health, but it does not directly relate to social situations. It can, however affect social interactions. E.g. someone with a frostbite will probably be likely to talk about what happened to them and what are the consequences.",1
frostbite,2,It is not dependent on interactions and could occur outside social environments.,1
frostbite,2,its something that is mentioned in society but isn't a massive part of it,1
frostbite,2,Frostbite occurs on an individual level.,1
frostbite,2,"occurs to a human, not from",1
frostbite,2,if you have frostbite it suggests noone was about to help you warm up before this point,2
frostbite,2,"Depends on the context. It's an illness, but also a way of describing how someone interacts",2
frostbite,2,"something that a lot of individuals have dealt with, but not something that brings people together",2
frostbite,2,Doesn't occur because of social situations but can be related to expeditions,2
frostbite,2,Frostbite is solely determined by the temperature of the environment.,2
garbage,2.5555555555555554,"1 person made it, 1 person used it and 1 person disposed of it",1
garbage,2.5555555555555554,"Refers to something usually produced by people and something that is a problem within the society, but in itself it does not have a social connotation.",1
garbage,2.5555555555555554,Quite a widely debated topic recently,1
garbage,2.5555555555555554,We will also produce garbage if we don't interact with anybody.,2
wish,3.4166666666666665,"Wishes are personal, you do not need to have anyone else to have a wish as you do not need to tell anyone else about your wish",1
wish,3.4166666666666665,Mostly a request kept for oneself; a thought,1
wish,3.4166666666666665,It's personal and varies in individuals,1
wish,3.4166666666666665,"Wishes are often thought independently, even though people may be around or part of the wish the actual act/thought of wishing is usually private.",1
wish,3.4166666666666665,"usually associated with people, but not as high as it could be because of the flower",1
wish,3.4166666666666665,"Wishes are often associated with birthday parties or other social events and could relate to a social desire, but they are also private to an individual",2
wish,3.4166666666666665,I chose to wish to be moderate because the word wish itself isn't social however I believe it is used socially.,2
adventurous,4.638888888888889,Quality of people,1
adventurous,4.638888888888889,refers to a social quality,1
adventurous,4.638888888888889,You don't need people to be adventurous,1
adventurous,4.638888888888889,extraverted social,2
adventurous,4.638888888888889,Human exploration which is ideally done with good company,2
adventurous,4.638888888888889,"I think adventure is often a solo thing, meant for the journey",2
exception,2.5142857142857142,Can relate to anything. Socialness would depend on the context.,1
exception,2.5142857142857142,no connections,1
exception,2.5142857142857142,This word doesn't seem like a social word to me,1
exception,2.5142857142857142,"I chose this rating as the word isn't particularly social, however I placed it here as it can be used in terms of humans and objects",1
exception,2.5142857142857142,"It is used in society however, mainly only used if you have made a mistake",1
exception,2.5142857142857142,No element of human interaction with another human really,1
exception,2.5142857142857142,people should make exceptions for people it tends to be cronyism,2
exception,2.5142857142857142,Could be applied to human disregard,2
exception,2.5142857142857142,has nothing to do with socialness,2
exception,2.5142857142857142,I don't think there is anything social about this word.,2
exception,2.5142857142857142,"One may rely on phonological (in speech), visual (non-social), texture (non-social), scent (non-social), auditory (general sound, may or may not be language-based) or taste (non-social) differences between stimulai. One may also rely on their schemas (social memory of what stimuli can be paired). Therefore, maybe considered social but not in all circumstances.",2
exception,2.5142857142857142,a word used to communicate with others,2
exception,2.5142857142857142,"Can be exception from society norms, but also other regularities.",2
fate,3.2777777777777777,"Fate is personal, as each person has their own unique life",1
fate,3.2777777777777777,"When talking about fate, people usually speak of the fate of their own and/or others lives",1
fate,3.2777777777777777,The thought that nothing is a coincidence but a given occurrence determined by a higher power. Everything about this notion suggests a social construct.,2
fate,3.2777777777777777,I would describe it as a spiritual word rather than social,2
limitless,2.5277777777777777,"Because it refers to something that can relate to both, social and non social entities.",1
limitless,2.5277777777777777,"applies to other things better, ie, the universe",1
limitless,2.5277777777777777,In reference to a resource rather than a social context,2
limitless,2.5277777777777777,Limitless is a property of something.,2
sadness,4.314285714285714,Refers to a human emotion but can be elicited by non social events or situations.,1
sadness,4.314285714285714,"more descriptive than social, would be higher if it was sad",1
sadness,4.314285714285714,This is an emotion,1
sadness,4.314285714285714,"may be influenced by social factors but is personal
",2
sadness,4.314285714285714,"A social emotion. It maybe felt in reaction to a social event (although not always), it may also be subconsciously used to signal to other people that a person is not feeling their best (for other people to react with support). It maybe the result of an interior conversation/social feeling one has with one's self e.g. one felt sad when their parent died because their parent was the reason why they were alive and took care of them (interior social reasoning).",2
sadness,4.314285714285714,Often occurring from a social situation,2
sadness,4.314285714285714,Sadness itself is not social.,2
worthless,3.9166666666666665,A way in which oneself could describe self to someone else,1
worthless,3.9166666666666665,Worthless is usually used to describe an object or event not a person.,1
worthless,3.9166666666666665,"Quality given to someone by another human, but doesnt always require direct interaction",1
worthless,3.9166666666666665,I think many things are deemed worthless by a society that determines their purpose.,2
worthless,3.9166666666666665,nothing to do with being social,2
worthless,3.9166666666666665,Deeming someone to have no value,2
genuine,4.861111111111111,"Is described in relation to other people, by other people. One can be genuine in rapport to knowing what a dishonest person is like",1
genuine,4.861111111111111,Genuine is a word that is often used to describe another person.,1
genuine,4.861111111111111,"As I would typically use it to describe someone, but it can also relate to objects",2
genuine,4.861111111111111,people who are genuine seem to have fewer but stronger friendships and less fake-friends,2
genuine,4.861111111111111,As an adjective this term relates to a social personality trait.,2
genuine,4.861111111111111,I chose genuine as high because I believe it has a clear social relevance. As you say someone is a genuine person.,2
accomplishment,4.638888888888889,"Could be personal, but is dependent on others' recognition or access to resources offered by others",1
accomplishment,4.638888888888889,Things are usually accomplished with the support and/or help of others,1
accomplishment,4.638888888888889,People use this word to suggest how far along in life they have came so has a large socialness rating,1
accomplishment,4.638888888888889,not related to socialness,2
accomplishment,4.638888888888889,"something that many people want, and something that involves praise/reward from those around you.",2
accomplishment,4.638888888888889,"I chose accomplishment as moderate as it is social in some ways. Somebody could accomplish something in a team. 
",2
accomplishment,4.638888888888889,Often only for the self.,2
accomplishment,4.638888888888889,Accomplishments are defined by the society the occur?,2
accomplishment,4.638888888888889,Accomplishment can be defined by attaining some (non-social) goals or by the feedback we get from society.,2
power,4.583333333333333,Power is something throughout history that has had a massive impact on society,1
power,4.583333333333333,Powerful people attract more people.,2
power,4.583333333333333,"Power is not an overtly physical entity, a group must agree who possesses power and the type of power e.g. physical strength or manipulative power.",2
power,4.583333333333333,not everyone has power,2
power,4.583333333333333,People being in position of power,2
majority,4.611111111111111,Requires multiple people,1
majority,4.611111111111111,It can be used to describe groups of people,1
majority,4.611111111111111,"In the literature this term has been used to describe a situation in a society. For example, majority of the citizens...",1
majority,4.611111111111111,The majority is an expression for the larger a group of people in a population.,2
majority,4.611111111111111,implies lots of opinions have been gathered from different people,2
majority,4.611111111111111,can be to do with majority of votes/people but not necessarily to do with people e.g. could be to do with numbers,2
grief,5.085714285714285,it's a human feeling,1
grief,5.085714285714285,High socialness as brings people together,1
grief,5.085714285714285,It is experienced by everyone despite being negative it is social,1
grief,5.085714285714285,"Social interactions occur when grieving, but sometimes the individual wants to be alone",1
grief,5.085714285714285,"don't want to be around others necessarily while grieving
",2
grief,5.085714285714285,"two people grieving at once can bring them closer, someone comforting a griever can create a bond/friendship",2
grief,5.085714285714285,I chose to rate grief moderately because it's not social however is associated with some social events (funerals),2
grief,5.085714285714285,About a loved one,2
grief,5.085714285714285,"an emotion that is common in all individuals, so socially people will be able to relate with one and other",2
poverty,5.194444444444445,it is linked to a social condition/status,1
poverty,5.194444444444445,"Its a widely known and problematic issue ion society
",1
poverty,5.194444444444445,"wealth is shared and even if it refers to poverty of character traits, they are learned from other people",1
poverty,5.194444444444445,"A social issue within society, depends upon social class and socio-economic status.",2
poverty,5.194444444444445,"many people can be in poverty
",2
resort,4.2,a place where people are interacting,1
resort,4.2,Some socializing might take place at a resort.,2
resort,4.2,where people gather to relax,2
resort,4.2,"A resort its self isn't social because it is inanimate, however, it may play host to social gatherings such as holidays therefore, it is slightly social.",2
television,4.5,Involves wathing multiple things usually people having a social interaction of some kind,1
television,4.5,It's a big part of society and our lives,1
television,4.5,"A device that can start an interaction between individuals around it via interactive content such as shows, entertainment programmes, live football podcasts and so on can get individuals into an interaction.",1
television,4.5,"sometimes television can be watched with friends, but a high screentime is often associated with someone being alone and ultimately the word is just a noun",1
television,4.5,we watch othe rpeoples relationshisp,2
television,4.5,Can be watched in company and discussed,2
television,4.5,could include the activity of watching where it would be socialising,2
television,4.5,very social,2
paradox,2.303030303030303,Can relate to both social and non social situations.,1
paradox,2.303030303030303,It doesn't require interacting with others.,1
paradox,2.303030303030303,It is a self-concept and therefore is rated low in socialness,1
paradox,2.303030303030303,"Its a social construct of opinions and beliefs that seem true at first but may not be what they seem, its very philosophical which is deeply rooted in society",1
paradox,2.303030303030303,It is a term used in philosophy.,1
paradox,2.303030303030303,No human element,1
paradox,2.303030303030303,Most paradoxs are negative,2
paradox,2.303030303030303,"You can have a social paradox, whereby one must choose the most socially acceptable answer. However, one does not need to adhere to social norms when faced with a paradox. Also paradox maybe presented verbally (social) or inferred from one's environment (less social).",2
paradox,2.303030303030303,I can think of no social application of the term.,2
station,4.083333333333333,I chose a high rating because the word refers to a specific location.,1
station,4.083333333333333,It evokes being in social situations and interacting with one another.,1
station,4.083333333333333,"A place used by lots of people, which allows access to further social interaction (i.e., permits travel)",1
station,4.083333333333333,Station could mean position or the building station so I chose the building. The station is a location where plenty of social interactions occur so I gave it a 6.,1
station,4.083333333333333,"Assuming a metro or a train station, it is a  place where passengers directly or indirectly gets in interaction to each other.",1
station,4.083333333333333,"It's an object, though you imagine it as a social place",2
station,4.083333333333333,"It is a place where you encounter a lot of people, so some form of socializing might take place, however, most of the time, it doesn't really happen.",2
baseball,4.694444444444445,Played by people,1
baseball,4.694444444444445,Baseball is a team sport and can be viewed by a crowd of people,1
baseball,4.694444444444445,team sport,2
baseball,4.694444444444445,game requires multiple people to play,2
baseball,4.694444444444445,"The act of playing baseball requires other people to be present, therefore, it is a social sport. However, a physical baseball is an inanimate object, therefore, less social.",2
baseball,4.694444444444445,"I have rated baseball moderate because you can play baseball with friends or watch it with friends and therefore is social but the word baseball itself isn't fundamentally social. 
",2
gunshot,3.138888888888889,"Could be social, but preferably it is done alone without another being",1
gunshot,3.138888888888889,"a gunshot might involve an interaction between people (i.e., a gun fight)",1
gunshot,3.138888888888889,It is an action so doesn't have high socialness,1
gunshot,3.138888888888889,Someone would have to use a gun for there to be a gunshot. And sometimes a person can be a victim of a gunshot.,1
gunshot,3.138888888888889,Not sure what to think about it.,1
gunshot,3.138888888888889,Brothers in arms,2
gunshot,3.138888888888889,It can be a type of highly adverse human interaction during a crossfire.,2
gunshot,3.138888888888889,It is not an interaction between people in my culture,2
gunshot,3.138888888888889,"Gunshot is caused by another person so involves interaction, but the word itself doesn't seem very social (in terms of interactivity)",2
gunshot,3.138888888888889,"Physically non-social because a bullet is an inanimate object. However, it may take a person to fire a gun in the first place to produce a gunshot, therefore slightly social (not always true, a robot could shoot a firearm).",2
gunshot,3.138888888888889,There doesn't seem to be anything inherently social about the term. Although a gunshot might be related to someone else it is not in itself a social term.,2
gunshot,3.138888888888889,Often associated with homicide,2
parasite,2.6944444444444446,"While not typically used for humans, this word involves at least 2 beings so I think it is social",1
parasite,2.6944444444444446,"it is primarily linked to another species, something different than human organisms, although it can be interpreted metaphorically as social too....multiple meanings, a bit confusing",1
parasite,2.6944444444444446,"Again, depends on the context. By itself it is non social, but it evokes something that has impact on the social world in general. It is also highly evocative regarding the current situation with covid, when a virus by itself is not social, but look at the impact it had on the social world.",1
parasite,2.6944444444444446,If this word refers to an organism then it is unrelated,1
parasite,2.6944444444444446,It is simply just the name of it,1
parasite,2.6944444444444446,"It's a bug, but also a way of describing someone",2
equality,5.972222222222222,In order to compare equality you need a reference point (another being),1
equality,5.972222222222222,It's an ideology and common goal of people,1
equality,5.972222222222222,To compare is to measure the difference between possession. Strictly social interaction between humans and animals.,2
equality,5.972222222222222,Equality exists within a social dynamic,2
equality,5.972222222222222,may not refer to equality in terms of people e.g. money but a lot of social issues in society are to do with equality/inequality,2
justice,5.444444444444445,It serves a role in the society and is used in interactions. There is a need for people to act as agents to ensure its implementation.,1
justice,5.444444444444445,i've rated it 5 as it is more of a concept so I wouldn't consider it as having high socialness,1
justice,5.444444444444445,"hypothetical construct, but people still act on it",1
justice,5.444444444444445,seeking justice for other people to make things 'right' rather than being out for yourself in revenge,2
justice,5.444444444444445,"Justice is something a lot of people agree with, therefore it is a social norm and present in many societies.",2
justice,5.444444444444445,"To decide what is just, one may first understand the social construct that was broken for revenge to be taken.",2
justice,5.444444444444445,"I interpreted justice as fighting for something which can be done socially 
",2
justice,5.444444444444445,Is often for a person against others,2
fairness,5.485714285714286,Quality of people,1
fairness,5.485714285714286,Fairness can only occur in social situations,1
fairness,5.485714285714286,A social habit.,1
fairness,5.485714285714286,Fairness suggests a certain amount of emapthy for the person your being fair to. You have to interactr with someone else to be fair to them,2
fairness,5.485714285714286,"I don't think this always has social connotations, but the context is often how one person treats another or others and therefore comes up in social situations",2
fairness,5.485714285714286,"Could be physical e.g. half of the sweets go to one person and the other half to the second person. However, ultimately, this may derive from the social construct that determines fairness. E.g. on the Titanic, fairness was deemed as the women and children's lives being more valuable to save than the men's lives, regardless of the male:female ratio (based on social construct that men should look after women and children). Therefore, fairness maybe dependent upon social constructs.",2
intention,3.6666666666666665,Intention is personal unless expleicitly said aloud,1
intention,3.6666666666666665,I do not see the connection as to how this word is social,1
intention,3.6666666666666665,Can be socially motivated,1
intention,3.6666666666666665,Intention can be desire which doesn't need to be related to society.,1
intention,3.6666666666666665,don't need to be social to be social to have an intention i.e. intention could be to be alone,2
regret,3.8055555555555554,"Because it refers to a human feeling, but can be elicited by non social events.",1
regret,3.8055555555555554,Feeling due to an action performed normally unto someone else,1
regret,3.8055555555555554,"Although it's something people experience, it isn't necessarily social",2
regret,3.8055555555555554,"I feel like regret is a personal thing, not having to do with others",2
regret,3.8055555555555554,I don't believe there is any socialness to this word.,2
regret,3.8055555555555554,"It may be used in relation to social interaction or in relation to others, but not necessarily.",2
regret,3.8055555555555554,Is often in a social context but also often not,2
regret,3.8055555555555554,Caused by an action involving others or something,2
democracy,6.257142857142857,It's a political ideology common in societies so high socialness,1
democracy,6.257142857142857,One of the most important term used to describe the citizens relation to the government in a country.,1
democracy,6.257142857142857,The greater good for the most amount of people. Majority vote,2
democracy,6.257142857142857,It's a social ideal,2
democracy,6.257142857142857,Democracy only works in a society,2
democracy,6.257142857142857,democracy involves listening to what everyone in society wants. therefore it allows individuals to speak out with each other to give society what the majority of the individuals want.,2
grim,3.3333333333333335,the common word for society to describe things,1
grim,3.3333333333333335,As it can refer to lots of things I've rated it a 6,1
grim,3.3333333333333335,Grim can be used to describe other people and their actions but in my experience it's not used a lot in that context especially not when referring to a group of people.,1
grim,3.3333333333333335,Grim can apply to a societal but often times is a personal feeling and may be caused by countless other things,2
betray,5.771428571428571,it has a social connotation,1
betray,5.771428571428571,Occurs between people and could rely on dismissing others' values,1
betray,5.771428571428571,It is an action so I am unsure which direction in sits in,1
betray,5.771428571428571,It reduces social interaction,1
betray,5.771428571428571,Betrayal can be classified as a very negative social behaviour.,1
betray,5.771428571428571,We can betray an individual or a concept.,2
betray,5.771428571428571,You must have a social relationship with a person before you can betray them.,2
betray,5.771428571428571,Betray only makes sense in relation to other people (or as a metaphor).,2
disloyal,5.861111111111111,"Could refer to another person, which makes it a social interaction",1
disloyal,5.861111111111111,Because it refers to a characteristic that will highly impact on the nature and quality of social interactions and it also becomes apparent via social interactions.,1
disloyal,5.861111111111111,A common social way to describe someones behaviour,1
disloyal,5.861111111111111,This word is a social consequence,1
disloyal,5.861111111111111,"Loyalty is usually the tendency to hold together and defend each other between two or more people. But, one can also be loyal to the ideology or simply to the way they organize their day.",2
disloyal,5.861111111111111,Friends might be disloyal.,2
disloyal,5.861111111111111,The term is used almost exclusively in relation to another person. One could be disloyal to oneself which is the only reason the rating wasn't higher.,2
annoy,4.916666666666667,"Because you can use it in a social setting, when in a group someone may be annoying.",1
annoy,4.916666666666667,It can be used to describe someone however annoying is more social than annoy,1
annoy,4.916666666666667,The actions of a person on another,1
annoy,4.916666666666667,People can annoy each other,1
annoy,4.916666666666667,"To be annoyed by something includes the possibility of a person being involved (At fault for an individual feeling this emotion). But, we can also be annoyed simply by bad weather.",2
annoy,4.916666666666667,Irritating others around you,2
annoy,4.916666666666667,It usually relates to people,2
annoy,4.916666666666667,only between two people at a time not a collective,2
annoy,4.916666666666667,"The term is often used in relation to other people, but sometimes also to animals - which is the only reason the rating is not higher.",2
annoy,4.916666666666667,"Other people can annoy us by their actions towards us or others, but they can also annoy us without any specific interaction and also non-living things can annoy us on their own.",2
friendly,6.583333333333333,social quality,1
friendly,6.583333333333333,Common way to describe someone to someone else during social interaction,1
friendly,6.583333333333333,It is a social characteristic,1
friendly,6.583333333333333,Friends are generally a social aspect in life,1
friendly,6.583333333333333,friendliness highly related to socialness,2
friendly,6.583333333333333,"Friendly people socialize more, and the trait is connected with interaction with other people.",2
joke,5.944444444444445,Social interaction,1
joke,5.944444444444445,"Because you can do it in a social setting, joking is quite frequent",1
joke,5.944444444444445,Our generation bonds/socialize over jokes/memes so its very sociable,1
joke,5.944444444444445,jokes are widely used when socialising,1
joke,5.944444444444445,Usually used in social situations,1
joke,5.944444444444445,Because people telling a joke usually happens in a social setting.,2
joke,5.944444444444445,Often involves a social interaction between two people in order for the behaviour to occur,2
joke,5.944444444444445,"word has many uses such as breaking the ice between people, making each other laugh in different situations. Creating a bond with someone",2
joke,5.944444444444445,A joke requires someone who tells and someone who listens to the joke.,2
marriage,6.222222222222222,Because it refers to an act that is considered as the main cell of the social world.,1
marriage,6.222222222222222,Because it is engrained in society that people should get married,1
marriage,6.222222222222222,Definitely indicates an interaction between two social entities.,1
marriage,6.222222222222222,Strictly a type of socially oriented agreement between two human individuals.,2
marriage,6.222222222222222,have to be married to another person,2
marriage,6.222222222222222,"Being married involves spending vast amounts of time with another person, but is no longer the norm in relationships and may end up pushing two people further away.",2
marriage,6.222222222222222,It is a social union to announce that two people are a romantic couple for life.,2
marriage,6.222222222222222,When you're in a marriage you make a commitment to another person,2
marriage,6.222222222222222,A close social relationship between two people,2
government,5.777777777777778,Evokes something in place that creates social rules and highly impacts on how the social world functions.,1
government,5.777777777777778,Very high in socialness as the society is controlled by governments,1
government,5.777777777777778,The government is always a hot topic when socialising,1
government,5.777777777777778,Is an inately social construct but also focused on inflateing differences for poltical and national gain,2
government,5.777777777777778,I have rated government high because it refers to a social group,2
government,5.777777777777778,the government is a big part of people lifes,2
government,5.777777777777778,Controls many aspects of society including social elements,2
government,5.777777777777778,Governments regulate the interaction between people for the people by laws etc.,2
rumor,5.861111111111111,Result of social interaction,1
rumor,5.861111111111111,In order for a rumour to spread you need a group of people to spread it,1
rumor,5.861111111111111,because it has a link to human interactions,1
rumor,5.861111111111111,Refers to information that can be only transmitted via human communication.,1
rumor,5.861111111111111,has social connection but not very social,1
rumor,5.861111111111111,This word is a social consequence,1
rumor,5.861111111111111,Rumours can only be shared by people and usually many people are involved in a rumour and the spreading of it.,1
rumor,5.861111111111111,Because rumours are a massive part of social life especially when in school or in the limelight,1
rumor,5.861111111111111,An interaction facilitator.,1
rumor,5.861111111111111,only a rumour if it is spread through people otherwise its just a contradictory thought one person has,1
rumor,5.861111111111111,Usually about another person. Unsubstantiated. Potentially harmful,2
rumor,5.861111111111111,social interaction to gossip/spread rumours,2
rumor,5.861111111111111,People you socialize with might spread a rumour.,2
rumor,5.861111111111111,Rumours are spread amongst people in a social way.,2
rumor,5.861111111111111,Rumours are usually spread socially,2
rumor,5.861111111111111,the spread through socialness,2
rumor,5.861111111111111,"Started by a person, about someone or something",2
rumor,5.861111111111111,Rumours only arise when people talk about what other people did.,2
excuse,4.611111111111111,Something a human would do when interacting with another human,1
excuse,4.611111111111111,most of the time need to use excuses on other people,1
excuse,4.611111111111111,Given to another to absolve responsibility,2
excuse,4.611111111111111,It's a type of social communication,2
excuse,4.611111111111111,"is a request that most individuals will use politely to each other, meaning it is a social word",2
enemy,5.527777777777778,relates to social conflicts,1
enemy,5.527777777777778,It is a type of social relationship,1
enemy,5.527777777777778,it implies social interactions to establish a relationship between people,1
enemy,5.527777777777778,The negative connotations and implies separatism,1
enemy,5.527777777777778,Involves other individuals.,1
enemy,5.527777777777778,prey animals naturally have predatory enemies,1
enemy,5.527777777777778,"To mark someone as an enemy usually includes an evaluation of past interactions between the two or more subjects, which was likely unfavourable on at least one side of the spectrum. This is a very human construct, but it could be argued, that some species of animals also may consider different species as their ""natural enemies"". However, the difference between how the concept of an enemy is understood on both sides might never be revealed, so I cannot give a straight 7.",2
enemy,5.527777777777778,"If the enemy in this case is another person, that in itself is a social interaction/relationship",2
enemy,5.527777777777778,"The term is most often used to refer to another person, or oneself in relation to another person.",2
enemy,5.527777777777778,"Can be between two people, as well as something",2
enemy,5.527777777777778,Enemy can only exist in a social context (or as a metaphor).,2
meaningless,2.888888888888889,Does not refer to a social setting,1
meaningless,2.888888888888889,is too broad to be linked to something social,1
meaningless,2.888888888888889,I can't make a connection to how this word is social,1
meaningless,2.888888888888889,I can't see any social connotations of the word,1
meaningless,2.888888888888889,It does not reflect a social interaction.,1
meaningless,2.888888888888889,"Quality given to something or someone, no interaction necessary especially if to an object",1
meaningless,2.888888888888889,To have meaning is to be an impact on the people around you. Meaningless activities are devoid of this,2
meaningless,2.888888888888889,"It can be used in a social setting, such as ""a meaningless conversation"". However, it's not directly associated with socializing.",2
meaningless,2.888888888888889,"doesn't relate to socialness, but a lot of people find aspects of life meaningless and bond over this.",2
meaningless,2.888888888888889,"The word has broad, non-social implications and is used in social terms much less frequently.",2
meaningless,2.888888888888889,I chose meaningless as moderate as I believe this word has a social element. Her apology was meaningless.,2
meaningless,2.888888888888889,not sure,2
meaningless,2.888888888888889,"Meaning can be defined by ourselves, but also by what we think the expectation of other people are.",2
racism,6.142857142857143,It is a construct,1
racism,6.142857142857143,Racism involves a person or group of people being racist and a person or group of people being victimised.,1
racism,6.142857142857143,Racism has been a word that has increased in use with the increase of a society that won't tolerate it anymore,1
racism,6.142857142857143,As it's discrimination by people against people,2
racism,6.142857142857143,"Racism wouldn't exist without society and social interaction, it is not biological but a product of society",2
racism,6.142857142857143,"Racism might start conversations between people.
",2
vengeful,5.545454545454546,an action that has social links,1
vengeful,5.545454545454546,It's a characteristic,1
vengeful,5.545454545454546,being vengeful is a trait that a lot of people identify with. usually involves ranting to others,2
vengeful,5.545454545454546,The term relates to a characteristic of a person - usually in relation to other people.,2
vengeful,5.545454545454546,Involves a behaviour to wards another person or thing,2
family,6.527777777777778,Constitutes a group of people,1
family,6.527777777777778,by definition a social group,1
family,6.527777777777778,This word is part of a social group,1
family,6.527777777777778,"Family is the basis of most social groups, and then our society expands from there",2
family,6.527777777777778,"When your in a family your part of a group

",2
applause,5.9714285714285715,because it is a social form of cheering,1
applause,5.9714285714285715,It is a social cue,1
applause,5.9714285714285715,"People applaud when watching entertainment it become apart of society to clap after a concert, show, etc.",1
applause,5.9714285714285715,only really applaud in social situations,1
applause,5.9714285714285715,"A gesture that is usually an expression used between humans to acknowledge and praise. But, this can also be used spontaneously when spotting a pretty rock on the ground, that we were looking for.",2
applause,5.9714285714285715,As this is generally involved in social events,2
applause,5.9714285714285715,"not really interacting but reacting to something, but usually in a social setting",2
applause,5.9714285714285715,The term usually involves many people or is in relation to the actions of people or of a person.,2
applause,5.9714285714285715,Often given in response to an interactions/social situation. Would be unusual for it not to be a social activity,2
applause,5.9714285714285715,You give applause to someone else to encourage them.,2
nightclub,6,It is a place where people meet to socialize,1
nightclub,6,Involves a lot of people partying,1
nightclub,6,it is linked to social entertainment,1
nightclub,6,"The meaning evokes a place where people gather and socialize, but again in itself it can only be an empty building.",1
nightclub,6,This is a place you go to socialize,1
nightclub,6,A place for meeting.,1
nightclub,6,Lots of opportunity for social interaction,1
nightclub,6,Meat market,2
nightclub,6,"The epitome of social, surrounded by people",2
nightclub,6,nightclubs tend to be very social gatherings,2
nightclub,6,Involves mixing of people,2
nightclub,6,Lots of social interaction,2
cafeteria,5.277777777777778,It is a place so doesn't have high socialness,1
cafeteria,5.277777777777778,Usually cafeterias hold a lot of people interacting with each other,2
cafeteria,5.277777777777778,people socialise in this area,2
cafeteria,5.277777777777778,Customers and staff interact,2
cafeteria,5.277777777777778,A social place where people can meet up together,2
cafeteria,5.277777777777778,Cafeteria is a location where a lot of social interaction occur (between customers and staff and between customers).,2
witness,4.944444444444445,"Reveals information about other people and is defined as a person present during an event, who might have had a direct or indirect interaction with others.",1
witness,4.944444444444445,It does not involve a large number of people or social interactions,1
witness,4.944444444444445,"animals can witness things, they're not human",1
witness,4.944444444444445,"Can be a witness to a socially-oriented situation, but we can also watch the sunrise.",2
witness,4.944444444444445,This often involves people,2
witness,4.944444444444445,a witness speaks to people about what they have seen/heard. speaking to others = social,2
witness,4.944444444444445,"I chose witness as high because to be a witness you generally have to be around people. 
",2
policeman,5.416666666666667,is a social role,1
policeman,5.416666666666667,It is a social status,1
policeman,5.416666666666667,Indicates a social role.,1
policeman,5.416666666666667,Their work is pro-social,2
policeman,5.416666666666667,"Usually, when you directly encounter a policeman, you have a conversation. But it is not directly associated with socializing.",2
policeman,5.416666666666667,"can cause people to feel safe but can also cause others to feel threatened, causing them to isolate themselves from others.",2
policeman,5.416666666666667,"Policeman is a social job title, other people must agree that a man is a policeman. However, just because someone says that they are a policeman, doesn't mean that others will consider them a policeman, they must first complete training which isn't necessarily social.
Also the title 'man' maybe social because society calls male police officers 'men' and female police officers 'women'. However, this maybe non-social because it depends upon a person's physical body.",2
courtroom,5.444444444444445,A courtroom may be filled with lots of people,1
courtroom,5.444444444444445,Especially with large cases the word courtroom is talked about a lot when socialising with people about this certain topic.,1
courtroom,5.444444444444445,"lots of social interaction, talking, looking etc",1
courtroom,5.444444444444445,main focus is social interaction,1
courtroom,5.444444444444445,"A place where human differences in opinions, ideologies and transgressions are sorted.",2
courtroom,5.444444444444445,The purpose of the room is a type of social discourse.,2
kidnapper,5.333333333333333,"While this word has a negative connotation, it requires 2 people",1
kidnapper,5.333333333333333,If a person has kidnapped someone they will have had some sort of interaction (possibly physical) with the person they have kidnapped.,1
kidnapper,5.333333333333333,Involves kidnapping other people,1
kidnapper,5.333333333333333,An indicator of an illegal interaction.,1
kidnapper,5.333333333333333,can kidnap animals too maybe?,1
kidnapper,5.333333333333333,It's a crime. Criminality is anti socail,2
kidnapper,5.333333333333333,The abduction of another human,2
new,2.1666666666666665,Does not involve anyone else,1
new,2.1666666666666665,I don't make any social connection to this word,1
new,2.1666666666666665,"Could encourage social interactions
",1
new,2.1666666666666665,inanimate objects can be new,1
new,2.1666666666666665,I don't think it relates,2
new,2.1666666666666665,I don't think this word has anything to do with socializing.,2
new,2.1666666666666665,"people become interested in new things/ discuss with each other about new things, engage in conversation with someone who is new.",2
orphanage,5.428571428571429,"Refers to an establishment which has a place and function in the society, but it can also refer to a building only which is not social in its alone standing nature.",1
orphanage,5.428571428571429,the word has social associations however not common,1
orphanage,5.428571428571429,Meaningful. Providing safety too others.,2
orphanage,5.428571428571429,"Inanimate object/building, however, it plays host to groups of people who may have/still be experiencing traumatic social relationships.",2
orphanage,5.428571428571429,The term refers to a place populated by people.,2
orphanage,5.428571428571429,"Carehome for abandoned children, lots of social interaction",2
safety,4.138888888888889,not sure,1
safety,4.138888888888889,The meaning of this word varies according to social context,1
safety,4.138888888888889,Especially right now with covid safety is a massive topic for society,1
safety,4.138888888888889,"describes an attribute of an object, no interaction needed between two people",1
safety,4.138888888888889,you can be safe without people,1
safety,4.138888888888889,safety is as much about protecting yourself as it is others. protecting others is a prosocail thing to do.,2
safety,4.138888888888889,"The feeling, that provides us with the notion that no harm can come to us. It also can be the case that not necessarily something, but someone cant hurt us anymore.",2
safety,4.138888888888889,Safety is a big aspect in social settings such as the workplace or leisure centre etc.,2
safety,4.138888888888889,"While one may communicate safety information, this may also be inferred by a person as they assess their environment. Therefore not necessarily social because it does not require communication.",2
safety,4.138888888888889,I chose safety as moderate because it has some social aspects. I worried about the safety of the people on the plane.,2
put,2.257142857142857,Does not invlove another human being or a group of human beings,1
put,2.257142857142857,I chose a high rating because the word refers to an action.,1
put,2.257142857142857,"it's an action, linked to human agency.",1
put,2.257142857142857,no connection,1
put,2.257142857142857,It's an action,1
put,2.257142857142857,It is an action,1
put,2.257142857142857,"It indicates an action, rather than an interaction with social objects including living things, humans and animals.",1
put,2.257142857142857,in social interaction it would only really work if it was in the sense of 'putting' a child or an object on someone/someone's knee,1
put,2.257142857142857,There is no social connection to this word.,2
put,2.257142857142857,The word doesn't come across as social,2
sick,3.5833333333333335,An expression commonly used when someone or something is unwell.,2
